doc_id,filename,title,section,category,topic,audience,form_number,rev_date,page_count,word_count,extractor,source_url,source_domain,retrieved_at,content_sha256
b0f8bebb57c1ccd6,10a_ncac_ch70_subchapter_a_rules.pdf,10A Ncac Ch70 Subchapter A Rules,NC Administrative Code Title 10A Ch 70,other,intake,social_worker,,,11,7149,local-cascade,http://reports.oah.state.nc.us/ncac/title 10a - health and human services/chapter 70 - children's services/subchapter a/subchapter a rules.pdf,reports.oah.state.nc.us,2026-06-25,28b567870360ccc45e78630ce78f8f61adee6aa3f7190271dbd7dad61f7b5ecf
2c52728e874f4050,10a_ncac_ch70_subchapter_b_rules.pdf,10A Ncac Ch70 Subchapter B Rules,NC Administrative Code Title 10A Ch 70,other,assessment,supervisor,,,4,1851,local-cascade,http://reports.oah.state.nc.us/ncac/title 10a - health and human services/chapter 70 - children's services/subchapter b/subchapter b rules.pdf,reports.oah.state.nc.us,2026-06-25,dd864d78a9ee0112288187202a46b91a7aaa0d82090cc935ef861d0a94b7db6d
21b4a4f7d759dfb5,10a_ncac_ch70_subchapter_c_rules.pdf,10A Ncac Ch70 Subchapter C Rules,NC Administrative Code Title 10A Ch 70,other,assessment,court,,,2,595,local-cascade,http://reports.oah.state.nc.us/ncac/title 10a - health and human services/chapter 70 - children's services/subchapter c/subchapter c rules.pdf,reports.oah.state.nc.us,2026-06-25,98c9a05ec5310087714606c1a52c42daec4715fb7310ec5d6f38d01b771ca6f7
076523c3214e6341,10a_ncac_ch70_subchapter_d_rules.pdf,10A Ncac Ch70 Subchapter D Rules,NC Administrative Code Title 10A Ch 70,other,other,family,,,1,135,local-cascade,http://reports.oah.state.nc.us/ncac/title 10a - health and human services/chapter 70 - children's services/subchapter d/subchapter d rules.pdf,reports.oah.state.nc.us,2026-06-25,621d4618f58e3431fd7dbac48a0c1d82a8d35cf0e1f5578b5ee7212920af5a87
f3f713a63471273c,10a_ncac_ch70_subchapter_e_rules.pdf,10A Ncac Ch70 Subchapter E Rules,NC Administrative Code Title 10A Ch 70,other,assessment,social_worker,,,23,13654,local-cascade,http://reports.oah.state.nc.us/ncac/title 10a - health and human services/chapter 70 - children's services/subchapter e/subchapter e rules.pdf,reports.oah.state.nc.us,2026-06-25,f0f9d4d628e2220e90b9355bf8cbe4129509c5d26380776cfc3c0f16860d5618
3016c7e2f3e51450,10a_ncac_ch70_subchapter_f_rules.pdf,10A Ncac Ch70 Subchapter F Rules,NC Administrative Code Title 10A Ch 70,other,assessment,supervisor,,,8,4899,local-cascade,http://reports.oah.state.nc.us/ncac/title 10a - health and human services/chapter 70 - children's services/subchapter f/subchapter f rules.pdf,reports.oah.state.nc.us,2026-06-25,75488a5bfd48fe7f607cd8d41a65d877c542be4a04793ae16bfb22e706d1b85a
f3c4aa77e4b80b68,10a_ncac_ch70_subchapter_g_rules.pdf,10A Ncac Ch70 Subchapter G Rules,NC Administrative Code Title 10A Ch 70,other,intake,social_worker,,,14,8751,local-cascade,http://reports.oah.state.nc.us/ncac/title 10a - health and human services/chapter 70 - children's services/subchapter g/subchapter g rules.pdf,reports.oah.state.nc.us,2026-06-25,45317ace94889a389a32c178bd8f16b26d85604e85735cc5374f5d2683ddcbc1
860c7c560e2ec7cc,10a_ncac_ch70_subchapter_h_rules.pdf,10A Ncac Ch70 Subchapter H Rules,NC Administrative Code Title 10A Ch 70,other,intake,social_worker,,,10,6141,local-cascade,http://reports.oah.state.nc.us/ncac/title 10a - health and human services/chapter 70 - children's services/subchapter h/subchapter h rules.pdf,reports.oah.state.nc.us,2026-06-25,92c1936a0ff40f8e339fa8043695d6f64e5b93513ed995fff3de81760df39e17
e0e013a4dd412fc3,10a_ncac_ch70_subchapter_i_rules.pdf,10A Ncac Ch70 Subchapter I Rules,NC Administrative Code Title 10A Ch 70,other,intake,social_worker,,,39,24087,local-cascade,http://reports.oah.state.nc.us/ncac/title 10a - health and human services/chapter 70 - children's services/subchapter i/subchapter i rules.pdf,reports.oah.state.nc.us,2026-06-25,4d5121027897d2857b26440e9f854bba40717c6bfa02486a0249aa3febca532c
68f8fbf0bde2f476,10a_ncac_ch70_subchapter_j_rules.pdf,10A Ncac Ch70 Subchapter J Rules,NC Administrative Code Title 10A Ch 70,other,intake,supervisor,,,5,2236,local-cascade,http://reports.oah.state.nc.us/ncac/title 10a - health and human services/chapter 70 - children's services/subchapter j/subchapter j rules.pdf,reports.oah.state.nc.us,2026-06-25,0b8cc78d8fe4233805f1e468715f5ed5853ec8d5628319198e777832e8dd4b6e
38aa17c33b354e71,10a_ncac_ch70_subchapter_k_rules.pdf,10A Ncac Ch70 Subchapter K Rules,NC Administrative Code Title 10A Ch 70,other,intake,social_worker,,,18,10804,local-cascade,http://reports.oah.state.nc.us/ncac/title 10a - health and human services/chapter 70 - children's services/subchapter k/subchapter k rules.pdf,reports.oah.state.nc.us,2026-06-25,9c5089e98daadc2a44584ee169b27738d47fb5fbd24eb90c4ce1a861f884a430
b99dc6a46b1fcaf9,10a_ncac_ch70_subchapter_l_rules.pdf,10A Ncac Ch70 Subchapter L Rules,NC Administrative Code Title 10A Ch 70,other,assessment,provider,,,3,1564,local-cascade,http://reports.oah.state.nc.us/ncac/title 10a - health and human services/chapter 70 - children's services/subchapter l/subchapter l rules.pdf,reports.oah.state.nc.us,2026-06-25,b2138568045bbb2a1fbee393135d2cff6115d4c2671240bb975d7360037eccef
053cca614fd7442d,10a_ncac_ch70_subchapter_m_rules.pdf,10A Ncac Ch70 Subchapter M Rules,NC Administrative Code Title 10A Ch 70,other,assessment,social_worker,,,12,7210,local-cascade,http://reports.oah.state.nc.us/ncac/title 10a - health and human services/chapter 70 - children's services/subchapter m/subchapter m rules.pdf,reports.oah.state.nc.us,2026-06-25,b66c039b6b0c9adebc0e20ee64801fae6973fc834bc9db425585106abe5de3dc
fafabd6257d04982,10a_ncac_ch70_subchapter_n_rules.pdf,10A Ncac Ch70 Subchapter N Rules,NC Administrative Code Title 10A Ch 70,other,other,mixed,,,1,55,local-cascade,http://reports.oah.state.nc.us/ncac/title 10a - health and human services/chapter 70 - children's services/subchapter n/subchapter n rules.pdf,reports.oah.state.nc.us,2026-06-25,720234539b1b22506b5d2caf381da20393f1049bd81b249aa711c6eb4bd6f3e8
9c27185207c26dd4,10a_ncac_ch70_subchapter_o_rules.pdf,10A Ncac Ch70 Subchapter O Rules,NC Administrative Code Title 10A Ch 70,other,other,mixed,,,1,87,local-cascade,http://reports.oah.state.nc.us/ncac/title 10a - health and human services/chapter 70 - children's services/subchapter o/subchapter o rules.pdf,reports.oah.state.nc.us,2026-06-25,91c170892c0d2cacfb49456ecbfb3bccb519d0a57b0200e8c0b1a96a87045603
7bb39e2efc00cdec,10a_ncac_ch70_subchapter_p_rules.pdf,10A Ncac Ch70 Subchapter P Rules,NC Administrative Code Title 10A Ch 70,other,assessment,court,,,2,962,local-cascade,http://reports.oah.state.nc.us/ncac/title 10a - health and human services/chapter 70 - children's services/subchapter p/subchapter p rules.pdf,reports.oah.state.nc.us,2026-06-25,8ac63c75dd3d9dd273637173d3cfb7a81caf7c75e4d69c98164d44eaf7a045b8
23001661c7dd633d,Chapter_108A.pdf,Chapter 108A,NC General Statutes,other,intake,social_worker,,,179,97413,local-cascade,https://www.ncleg.net/EnactedLegislation/Statutes/PDF/ByChapter/Chapter_108A.pdf,ncleg.net,2026-06-25,bed338ff854091ba446e6dd68619cb0c8dd25a7d0758c62898778a52da00ea70
77cd46f7e8e81bfb,Chapter_110.pdf,Chapter 110,NC General Statutes,other,intake,supervisor,,,72,40552,local-cascade,https://www.ncleg.net/EnactedLegislation/Statutes/PDF/ByChapter/Chapter_110.pdf,ncleg.net,2026-06-25,b3ce32311415c0597f7ab570e08877e7981b43dc790a4c323c8bf1c54d0b92ac
ddec952344399c64,Chapter_122C.pdf,Chapter 122C,NC General Statutes,other,intake,social_worker,,,207,116152,local-cascade,https://www.ncleg.net/EnactedLegislation/Statutes/PDF/ByChapter/Chapter_122C.pdf,ncleg.net,2026-06-25,bbfead577d7a60e7068277ded72f904bc6abc5026e2bd525d5a9b11210ff1170
cf207638721435c3,Chapter_130A.pdf,Chapter 130A,NC General Statutes,other,intake,social_worker,,,476,260054,local-cascade,https://www.ncleg.net/EnactedLegislation/Statutes/PDF/ByChapter/Chapter_130A.pdf,ncleg.net,2026-06-25,44ee928cfde6657f89eb2802c12c29b85e4880587b564f9e7361247d65074d27
f2752bc7e1ebd4ea,Chapter_14.pdf,Chapter 14,NC General Statutes,other,intake,supervisor,,,412,237750,local-cascade,https://www.ncleg.net/EnactedLegislation/Statutes/PDF/ByChapter/Chapter_14.pdf,ncleg.net,2026-06-25,de9ac9d09bf20d8c41ae275713459e622933d9e4e909cb83f5aee4b83cfb3a16
b803bde90d509b2d,Chapter_153A.pdf,Chapter 153A,NC General Statutes,other,intake,social_worker,,,169,95942,local-cascade,https://www.ncleg.net/EnactedLegislation/Statutes/PDF/ByChapter/Chapter_153A.pdf,ncleg.net,2026-06-25,446e82e9921a1cb0f5ee96f57795ef5598fb69d294eab75ebd1013c7cd849821
18fdaf4e1d3486d8,Chapter_48.pdf,Chapter 48,NC General Statutes,other,assessment,social_worker,,,59,33607,local-cascade,https://www.ncleg.net/EnactedLegislation/Statutes/PDF/ByChapter/Chapter_48.pdf,ncleg.net,2026-06-25,29b02ba989877d63bc00810c490defb571871978e1f4fad7638ff53e8620a0f4
8d12dc7941ca9f6b,Chapter_49.pdf,Chapter 49,NC General Statutes,other,assessment,court,,,7,3951,local-cascade,https://www.ncleg.net/EnactedLegislation/Statutes/PDF/ByChapter/Chapter_49.pdf,ncleg.net,2026-06-25,e24665d7ed066f8879f50bdf6752dd58673f2716f02c800d86ff6e27caaf6836
6b0d483b0169fd59,Chapter_50.pdf,Chapter 50,NC General Statutes,other,assessment,court,,,66,39046,local-cascade,https://www.ncleg.net/EnactedLegislation/Statutes/PDF/ByChapter/Chapter_50.pdf,ncleg.net,2026-06-25,1f5aa55da59c1b1e473b078131335b3aa99bb7f213521080256a0b5c99ddad4f
0a00c60bb3b628ee,Chapter_50A.pdf,Chapter 50A,NC General Statutes,other,assessment,court,,,32,15470,local-cascade,https://www.ncleg.net/EnactedLegislation/Statutes/PDF/ByChapter/Chapter_50A.pdf,ncleg.net,2026-06-25,af8567c2c51178b2db860c7a6892466db0c33b89024bf4bbbb6e7a2a872f59d3
0d26215ea1556caa,Chapter_7A.pdf,Chapter 7A,NC General Statutes,other,intake,social_worker,,,269,138175,local-cascade,https://www.ncleg.net/EnactedLegislation/Statutes/PDF/ByChapter/Chapter_7A.pdf,ncleg.net,2026-06-25,1d620a3b06a2e4c0d8f400790dbf9e9f4911a03e35a00603bc52c151a6e5b159
98afdb5710fb60ea,Chapter_7B.pdf,Chapter 7B,NC General Statutes,other,intake,social_worker,,,238,133762,local-cascade,https://www.ncleg.net/EnactedLegislation/Statutes/PDF/ByChapter/Chapter_7B.pdf,ncleg.net,2026-06-25,11f4f0cead1b2a6e7f70849fd4f875c7bf695a2e4149fafa69b9c115e04ac763
